,Dataset,Distance,Best method,F1 with the best method,K,F1 method,F1 with the proposed method,Accuracy,Change
0,speed_7578.csv,0,KMeans,0.75,0,KMeans,0.75,1,
1,speed_t4013.csv,2.770758689392398,Linear,1.0,1,Linear,0.4,0.65,0.0
2,speed_6005.csv,3.1757362846683566,Linear,0.66666667,2,Linear,0.4,0.65,0.0
3,TravelTime_387.csv,3.761054675438157,KMeans,0.66666667,3,Linear,0.4,0.65,0.0
4,occupancy_t4013.csv,4.0273292203342,Linear,1.0,4,Linear,0.4,0.65,0.0
5,nyc_taxi.csv,4.252608832428184,Linear,0.25,5,Linear,0.4,0.65,0.0
6,TravelTime_451.csv,4.268736641765062,KMeans,0.4,6,Linear,0.4,0.65,0.0
7,occupancy_6005.csv,4.299983876641256,Linear,1.0,7,Linear,0.4,0.65,0.0
8,,,,,,,,,
9,speed_7578.csv,0,KMeans,0.75,0,KMeans,0.75,1,
10,speed_t4013.csv,2.776767373795798,Linear,1.0,1,Linear,0.4,0.65,0.1
11,speed_6005.csv,3.1809800821590364,Linear,0.66666667,2,Linear,0.4,0.65,0.1
12,TravelTime_387.csv,3.9045527620503764,KMeans,0.66666667,3,Linear,0.4,0.65,0.1
13,occupancy_t4013.csv,4.161655998392668,Linear,1.0,4,Linear,0.4,0.65,0.1
14,nyc_taxi.csv,4.3800321781519145,Linear,0.25,5,Linear,0.4,0.65,0.1
15,TravelTime_451.csv,4.395692495699359,KMeans,0.4,6,Linear,0.4,0.65,0.1
16,occupancy_6005.csv,4.426043531120628,Linear,1.0,7,Linear,0.4,0.65,0.1
17,,,,,,,,,
18,speed_7578.csv,0,KMeans,0.75,0,KMeans,0.75,1,
19,speed_t4013.csv,2.831684489517999,Linear,1.0,1,Linear,0.4,0.65,0.2
20,speed_6005.csv,3.229029929110678,Linear,0.66666667,2,Linear,0.4,0.65,0.2
21,TravelTime_387.csv,4.230862670697537,KMeans,0.66666667,3,Linear,0.4,0.65,0.2
22,occupancy_t4013.csv,4.469233414761903,Linear,1.0,4,Linear,0.4,0.65,0.2
23,nyc_taxi.csv,4.673258878803193,Linear,0.25,5,Linear,0.4,0.65,0.2
24,TravelTime_451.csv,4.6879397589361504,KMeans,0.4,6,Linear,0.4,0.65,0.2
25,occupancy_6005.csv,4.7164105001623255,Linear,1.0,7,Linear,0.4,0.65,0.2
26,,,,,,,,,
27,speed_7578.csv,0,KMeans,0.75,0,KMeans,0.75,1,
28,speed_t4013.csv,3.0636509344533382,Linear,1.0,1,Linear,0.4,0.65,0.30000000000000004
29,speed_6005.csv,3.4342618250640866,Linear,0.66666667,2,Linear,0.4,0.65,0.30000000000000004
30,TravelTime_387.csv,4.846825655859915,KMeans,0.66666667,3,Linear,0.4,0.65,0.30000000000000004
31,occupancy_t4013.csv,5.056240432932787,Linear,1.0,4,Linear,0.4,0.65,0.30000000000000004
32,nyc_taxi.csv,5.237448667845144,Linear,0.25,5,Linear,0.4,0.65,0.30000000000000004
33,TravelTime_451.csv,5.2505522741340585,KMeans,0.4,6,Linear,0.4,0.65,0.30000000000000004
34,occupancy_6005.csv,5.275987870156777,Linear,1.0,7,Linear,0.4,0.65,0.30000000000000004
35,,,,,,,,,
36,speed_7578.csv,0,KMeans,0.75,0,KMeans,0.75,1,
37,speed_t4013.csv,3.7726457888565172,Linear,1.0,1,Linear,0.4,0.65,0.4
38,speed_6005.csv,4.079344736975844,Linear,0.66666667,2,Linear,0.4,0.65,0.4
39,TravelTime_387.csv,5.97161771535167,KMeans,0.66666667,3,Linear,0.4,0.65,0.4
40,occupancy_t4013.csv,6.142806078302028,Linear,1.0,4,Linear,0.4,0.65,0.4
41,nyc_taxi.csv,6.292802853126171,Linear,0.25,5,Linear,0.4,0.65,0.4
42,TravelTime_451.csv,6.303713063220306,KMeans,0.4,6,Linear,0.4,0.65,0.4
43,occupancy_6005.csv,6.3249147983226965,Linear,1.0,7,Linear,0.4,0.65,0.4
44,,,,,,,,,
45,speed_7578.csv,0,KMeans,0.75,0,KMeans,0.75,1,
46,speed_t4013.csv,5.502079629392583,Linear,1.0,1,Linear,0.4,0.65,0.5
47,speed_6005.csv,5.716736611310033,Linear,0.66666667,2,Linear,0.4,0.65,0.5
48,TravelTime_387.csv,8.03200112912728,KMeans,0.66666667,3,Linear,0.4,0.65,0.5
49,occupancy_t4013.csv,8.160079075329133,Linear,1.0,4,Linear,0.4,0.65,0.5
50,nyc_taxi.csv,8.273583972397505,Linear,0.25,5,Linear,0.4,0.65,0.5
51,TravelTime_451.csv,8.281885195015343,KMeans,0.4,6,Linear,0.4,0.65,0.5
52,occupancy_6005.csv,8.298034177203746,Linear,1.0,7,Linear,0.4,0.65,0.5
53,,,,,,,,,
54,speed_7578.csv,0,KMeans,0.75,0,KMeans,0.75,1,
55,speed_t4013.csv,9.13155691216875,Linear,1.0,1,Linear,0.4,0.65,0.6000000000000001
56,speed_6005.csv,9.262479628862486,Linear,0.66666667,2,Linear,0.4,0.65,0.6000000000000001
57,TravelTime_387.csv,11.86121973197959,KMeans,0.66666667,3,Linear,0.4,0.65,0.6000000000000001
58,occupancy_t4013.csv,11.948321300819812,Linear,1.0,4,Linear,0.4,0.65,0.6000000000000001
59,nyc_taxi.csv,12.02612502597212,Linear,0.25,5,Linear,0.4,0.65,0.6000000000000001
60,TravelTime_451.csv,12.031837506192245,KMeans,0.4,6,Linear,0.4,0.65,0.6000000000000001
61,occupancy_6005.csv,12.042959046598202,Linear,1.0,7,Linear,0.4,0.65,0.6000000000000001
62,,,,,,,,,
63,speed_7578.csv,0,KMeans,0.75,0,KMeans,0.75,1,
64,speed_t4013.csv,16.3069181152987,Linear,1.0,1,Linear,0.4,0.65,0.7000000000000001
65,speed_6005.csv,16.38059143175156,Linear,0.66666667,2,Linear,0.4,0.65,0.7000000000000001
66,TravelTime_387.csv,19.13817620122623,KMeans,0.66666667,3,Linear,0.4,0.65,0.7000000000000001
67,occupancy_t4013.csv,19.192280653598846,Linear,1.0,4,Linear,0.4,0.65,0.7000000000000001
68,nyc_taxi.csv,19.24081437775421,Linear,0.25,5,Linear,0.4,0.65,0.7000000000000001
69,TravelTime_451.csv,19.244385377410588,KMeans,0.4,6,Linear,0.4,0.65,0.7000000000000001
70,occupancy_6005.csv,19.25134066440365,Linear,1.0,7,Linear,0.4,0.65,0.7000000000000001
71,,,,,,,,,
72,speed_7578.csv,0,KMeans,0.75,0,KMeans,0.75,1,
73,speed_t4013.csv,30.512297492811463,Linear,1.0,1,Linear,0.4,0.65,0.8
74,speed_6005.csv,30.551734738386692,Linear,0.66666667,2,Linear,0.4,0.65,0.8
75,TravelTime_387.csv,33.391562805294896,KMeans,0.66666667,3,Linear,0.4,0.65,0.8
76,occupancy_t4013.csv,33.42260185798341,Linear,1.0,4,Linear,0.4,0.65,0.8
77,nyc_taxi.csv,33.45049500665072,Linear,0.25,5,Linear,0.4,0.65,0.8
78,TravelTime_451.csv,33.45254918276133,KMeans,0.4,6,Linear,0.4,0.65,0.8
79,occupancy_6005.csv,33.456550862987854,Linear,1.0,7,Linear,0.4,0.65,0.8
80,,,,,,,,,
81,speed_7578.csv,0,KMeans,0.75,0,KMeans,0.75,1,
82,speed_t4013.csv,59.44162353074266,Linear,1.0,1,Linear,0.4,0.65,0.9
83,speed_6005.csv,59.46187690617792,Linear,0.66666667,2,Linear,0.4,0.65,0.9
84,TravelTime_387.csv,62.34322530973727,KMeans,0.66666667,3,Linear,0.4,0.65,0.9
85,occupancy_t4013.csv,62.359855599560106,Linear,1.0,4,Linear,0.4,0.65,0.9
86,nyc_taxi.csv,62.374809752260376,Linear,0.25,5,Linear,0.4,0.65,0.9
87,TravelTime_451.csv,62.37591139426964,KMeans,0.4,6,Linear,0.4,0.65,0.9
88,occupancy_6005.csv,62.37805760913372,Linear,1.0,7,Linear,0.4,0.65,0.9
89,,,,,,,,,
90,speed_7578.csv,0,KMeans,0.75,0,KMeans,0.75,1,
91,speed_t4013.csv,120.61159494815426,Linear,1.0,1,Linear,0.4,0.65,1.0
92,speed_6005.csv,120.62157780916542,Linear,0.66666667,2,Linear,0.4,0.65,1.0
93,TravelTime_387.csv,123.52367118146934,KMeans,0.66666667,3,Linear,0.4,0.65,1.0
94,occupancy_t4013.csv,123.53206543454651,Linear,1.0,4,Linear,0.4,0.65,1.0
95,nyc_taxi.csv,123.53961507046138,Linear,0.25,5,Linear,0.4,0.65,1.0
96,TravelTime_451.csv,123.54017129012276,KMeans,0.4,6,Linear,0.4,0.65,1.0
97,occupancy_6005.csv,123.54125493621756,Linear,1.0,7,Linear,0.4,0.65,1.0
98,,,,,,,,,
99,TravelTime_387.csv,0,KMeans,0.66666667,0,KMeans,0.66666667,1,
100,occupancy_t4013.csv,0.40336413872107396,Linear,1.0,1,Linear,0.5,0.83333333,0.0
101,nyc_taxi.csv,0.7215176031373212,Linear,0.25,2,Linear,0.5,0.83333333,0.0
102,TravelTime_451.csv,0.7436723784565761,KMeans,0.4,3,Linear,0.5,0.83333333,0.0
103,occupancy_6005.csv,0.786388640747138,Linear,1.0,4,Linear,0.5,0.83333333,0.0
104,speed_t4013.csv,2.948683934224611,Linear,1.0,5,Linear,0.5,0.83333333,0.0
105,speed_6005.csv,3.0305352410025046,Linear,0.66666667,6,Linear,0.5,0.83333333,0.0
106,speed_7578.csv,123.52367118146934,KMeans,0.75,7,Linear,0.5,0.83333333,0.0
107,,,,,,,,,
108,TravelTime_387.csv,0,KMeans,0.66666667,0,KMeans,0.66666667,1,
109,occupancy_t4013.csv,0.4179744351108017,Linear,1.0,1,Linear,0.5,0.83333333,0.1
110,nyc_taxi.csv,0.7297860314071687,Linear,0.25,2,Linear,0.5,0.83333333,0.1
111,TravelTime_451.csv,0.7516971507723446,KMeans,0.4,3,Linear,0.5,0.83333333,0.1
112,occupancy_6005.csv,0.7939817972070463,Linear,1.0,4,Linear,0.5,0.83333333,0.1
113,speed_t4013.csv,3.057243357005512,Linear,1.0,5,Linear,0.5,0.83333333,0.1
114,speed_6005.csv,3.1362627196965036,Linear,0.66666667,6,Linear,0.5,0.83333333,0.1
115,speed_7578.csv,123.63319556276039,KMeans,0.75,7,Linear,0.5,0.83333333,0.1
116,,,,,,,,,
117,TravelTime_387.csv,0,KMeans,0.66666667,0,KMeans,0.66666667,1,
118,occupancy_t4013.csv,0.5343993154993687,Linear,1.0,1,Linear,0.5,0.83333333,0.2
119,nyc_taxi.csv,0.8021643545041284,Linear,0.25,2,Linear,0.5,0.83333333,0.2
120,TravelTime_451.csv,0.8221487739328333,KMeans,0.4,3,Linear,0.5,0.83333333,0.2
121,occupancy_6005.csv,0.8609803100513572,Linear,1.0,4,Linear,0.5,0.83333333,0.2
122,speed_t4013.csv,3.2963035272793575,Linear,1.0,5,Linear,0.5,0.83333333,0.2
123,speed_6005.csv,3.36972162751734,Linear,0.66666667,6,Linear,0.5,0.83333333,0.2
124,speed_7578.csv,123.87414932691225,KMeans,0.75,7,Linear,0.5,0.83333333,0.2
125,,,,,,,,,
126,TravelTime_387.csv,0,KMeans,0.66666667,0,KMeans,0.66666667,1,
127,occupancy_t4013.csv,0.8819806281354446,Linear,1.0,1,Linear,0.5,0.83333333,0.30000000000000004
128,nyc_taxi.csv,1.0657273814803787,Linear,0.25,2,Linear,0.5,0.83333333,0.30000000000000004
129,TravelTime_451.csv,1.0808495762497485,KMeans,0.4,3,Linear,0.5,0.83333333,0.30000000000000004
130,occupancy_6005.csv,1.1106729015763963,Linear,1.0,4,Linear,0.5,0.83333333,0.30000000000000004
131,speed_t4013.csv,3.727240821835146,Linear,1.0,5,Linear,0.5,0.83333333,0.30000000000000004
132,speed_6005.csv,3.7923252823245677,Linear,0.66666667,6,Linear,0.5,0.83333333,0.30000000000000004
133,speed_7578.csv,124.30786653385084,KMeans,0.75,7,Linear,0.5,0.83333333,0.30000000000000004
134,,,,,,,,,
135,TravelTime_387.csv,0,KMeans,0.66666667,0,KMeans,0.66666667,1,
136,occupancy_t4013.csv,1.588324129517081,Linear,1.0,1,Linear,0.5,0.83333333,0.4
137,nyc_taxi.csv,1.6972502949291317,Linear,0.25,2,Linear,0.5,0.83333333,0.4
138,TravelTime_451.csv,1.7067863130688798,KMeans,0.4,3,Linear,0.5,0.83333333,0.4
139,occupancy_6005.csv,1.7258267602213528,Linear,1.0,4,Linear,0.5,0.83333333,0.4
140,speed_t4013.csv,4.475507552887642,Linear,1.0,5,Linear,0.5,0.83333333,0.4
141,speed_6005.csv,4.529853723792646,Linear,0.66666667,6,Linear,0.5,0.83333333,0.4
142,speed_7578.csv,125.05964432500856,KMeans,0.75,7,Linear,0.5,0.83333333,0.4
143,,,,,,,,,
144,TravelTime_387.csv,0,KMeans,0.66666667,0,KMeans,0.66666667,1,
145,occupancy_t4013.csv,2.8804829769339366,Linear,1.0,1,Linear,0.5,0.83333333,0.5
146,nyc_taxi.csv,2.9419495583094255,Linear,0.25,2,Linear,0.5,0.83333333,0.5
147,TravelTime_451.csv,2.947461307376105,KMeans,0.4,3,Linear,0.5,0.83333333,0.5
148,occupancy_6005.csv,2.958527783593747,Linear,1.0,4,Linear,0.5,0.83333333,0.5
149,speed_t4013.csv,5.787249475869718,Linear,1.0,5,Linear,0.5,0.83333333,0.5
150,speed_6005.csv,5.82937933222381,Linear,0.66666667,6,Linear,0.5,0.83333333,0.5
151,speed_7578.csv,126.3752593457936,KMeans,0.75,7,Linear,0.5,0.83333333,0.5
152,,,,,,,,,
153,TravelTime_387.csv,0,KMeans,0.66666667,0,KMeans,0.66666667,1,
154,occupancy_t4013.csv,5.2361879914233596,Linear,1.0,1,Linear,0.5,0.83333333,0.6000000000000001
155,nyc_taxi.csv,5.2702513891423655,Linear,0.25,2,Linear,0.5,0.83333333,0.6000000000000001
156,TravelTime_451.csv,5.273330129965245,KMeans,0.4,3,Linear,0.5,0.83333333,0.6000000000000001
157,occupancy_6005.csv,5.279523572010654,Linear,1.0,4,Linear,0.5,0.83333333,0.6000000000000001
158,speed_t4013.csv,8.15172147445399,Linear,1.0,5,Linear,0.5,0.83333333,0.6000000000000001
159,speed_6005.csv,8.181685028163704,Linear,0.66666667,6,Linear,0.5,0.83333333,0.6000000000000001
160,speed_7578.csv,128.7433784180756,KMeans,0.75,7,Linear,0.5,0.83333333,0.6000000000000001
161,,,,,,,,,
162,TravelTime_387.csv,0,KMeans,0.66666667,0,KMeans,0.66666667,1,
163,occupancy_t4013.csv,9.650313648888467,Linear,1.0,1,Linear,0.5,0.83333333,0.7000000000000001
164,nyc_taxi.csv,9.668838531341489,Linear,0.25,2,Linear,0.5,0.83333333,0.7000000000000001
165,TravelTime_451.csv,9.67051702340656,KMeans,0.4,3,Linear,0.5,0.83333333,0.7000000000000001
166,occupancy_6005.csv,9.673895698621779,Linear,1.0,4,Linear,0.5,0.83333333,0.7000000000000001
167,speed_t4013.csv,12.569489116009098,Linear,1.0,5,Linear,0.5,0.83333333,0.7000000000000001
168,speed_6005.csv,12.588942113635877,Linear,0.66666667,6,Linear,0.5,0.83333333,0.7000000000000001
169,speed_7578.csv,133.1639062333839,KMeans,0.75,7,Linear,0.5,0.83333333,0.7000000000000001
170,,,,,,,,,
171,TravelTime_387.csv,0,KMeans,0.66666667,0,KMeans,0.66666667,1,
172,occupancy_t4013.csv,18.23620170636969,Linear,1.0,1,Linear,0.5,0.83333333,0.8
173,nyc_taxi.csv,18.24601155591631,Linear,0.25,2,Linear,0.5,0.83333333,0.8
174,TravelTime_451.csv,18.246901069865913,KMeans,0.4,3,Linear,0.5,0.83333333,0.8
175,occupancy_6005.csv,18.248691929595687,Linear,1.0,4,Linear,0.5,0.83333333,0.8
176,speed_t4013.csv,21.15674197108215,Linear,1.0,5,Linear,0.5,0.83333333,0.8
177,speed_6005.csv,21.168305027421365,Linear,0.66666667,6,Linear,0.5,0.83333333,0.8
178,speed_7578.csv,141.75248932564355,KMeans,0.75,7,Linear,0.5,0.83333333,0.8
179,,,,,,,,,
180,TravelTime_387.csv,0,KMeans,0.66666667,0,KMeans,0.66666667,1,
181,occupancy_t4013.csv,35.6284903435503,Linear,1.0,1,Linear,0.5,0.83333333,0.9
182,nyc_taxi.csv,35.633512445220546,Linear,0.25,2,Linear,0.5,0.83333333,0.9
183,TravelTime_451.csv,35.63396792582226,KMeans,0.4,3,Linear,0.5,0.83333333,0.9
184,occupancy_6005.csv,35.6348849952732,Linear,1.0,4,Linear,0.5,0.83333333,0.9
185,speed_t4013.csv,38.54948743851214,Linear,1.0,5,Linear,0.5,0.83333333,0.9
186,speed_6005.csv,38.555834690420184,Linear,0.66666667,6,Linear,0.5,0.83333333,0.9
187,speed_7578.csv,159.14479228598552,KMeans,0.75,7,Linear,0.5,0.83333333,0.9
188,,,,,,,,,
189,TravelTime_387.csv,0,KMeans,0.66666667,0,KMeans,0.66666667,1,
190,occupancy_t4013.csv,72.3489834498634,Linear,1.0,1,Linear,0.5,0.83333333,1.0
191,nyc_taxi.csv,72.35145673206476,Linear,0.25,2,Linear,0.5,0.83333333,1.0
192,TravelTime_451.csv,72.35168105999114,KMeans,0.4,3,Linear,0.5,0.83333333,1.0
193,occupancy_6005.csv,72.35213273079445,Linear,1.0,4,Linear,0.5,0.83333333,1.0
194,speed_t4013.csv,75.27011815545501,Linear,1.0,5,Linear,0.5,0.83333333,1.0
195,speed_6005.csv,75.27336908920154,Linear,0.66666667,6,Linear,0.5,0.83333333,1.0
196,speed_7578.csv,195.86313836709374,KMeans,0.75,7,Linear,0.5,0.83333333,1.0
197,,,,,,,,,
198,nyc_taxi.csv,0,Linear,0.25,0,Linear,0.25,1,
199,TravelTime_451.csv,0.022154775319254916,KMeans,0.4,1,KMeans,0.25,1.0,0.0
200,occupancy_6005.csv,0.06487103760981683,Linear,1.0,2,KMeans,0.25,1.0,0.0
201,occupancy_t4013.csv,0.3181534644162472,Linear,1.0,3,Linear,0.25,1.0,0.0
202,speed_6005.csv,2.9224295016901287,Linear,0.66666667,4,Linear,0.25,1.0,0.0
203,speed_t4013.csv,2.938636455412729,Linear,1.0,5,Linear,0.25,1.0,0.0
204,TravelTime_387.csv,72.35145673206476,KMeans,0.66666667,6,Linear,0.25,1.0,0.0
205,speed_7578.csv,123.53961507046138,KMeans,0.75,7,Linear,0.25,1.0,0.0
206,,,,,,,,,
207,nyc_taxi.csv,0,Linear,0.25,0,Linear,0.25,1,
208,TravelTime_451.csv,0.11176240007017858,KMeans,0.4,1,KMeans,0.25,1.0,0.1
209,occupancy_6005.csv,0.12731163152113895,Linear,1.0,2,KMeans,0.25,1.0,0.1
210,occupancy_t4013.csv,0.33648421496417963,Linear,1.0,3,Linear,0.25,1.0,0.1
211,speed_6005.csv,3.031929120601076,Linear,0.66666667,4,Linear,0.25,1.0,0.1
212,speed_t4013.csv,3.047553808726056,Linear,1.0,5,Linear,0.25,1.0,0.1
213,TravelTime_387.csv,72.24191767599085,KMeans,0.66666667,6,Linear,0.25,1.0,0.1
214,speed_7578.csv,123.64912532917396,KMeans,0.75,7,Linear,0.25,1.0,0.1
215,,,,,,,,,
216,nyc_taxi.csv,0,Linear,0.25,0,Linear,0.25,1,
217,TravelTime_451.csv,0.3512418455558031,KMeans,0.4,1,KMeans,0.25,1.0,0.2
218,occupancy_6005.csv,0.35649439199035693,Linear,1.0,2,KMeans,0.25,1.0,0.2
219,occupancy_t4013.csv,0.4733937335031594,Linear,1.0,3,Linear,0.25,1.0,0.2
220,speed_6005.csv,3.2728388582924177,Linear,0.66666667,4,Linear,0.25,1.0,0.2
221,speed_t4013.csv,3.2873186972182498,Linear,1.0,5,Linear,0.25,1.0,0.2
222,TravelTime_387.csv,72.00093181105922,KMeans,0.66666667,6,Linear,0.25,1.0,0.2
223,speed_7578.csv,123.89004811152574,KMeans,0.75,7,Linear,0.25,1.0,0.2
224,,,,,,,,,
225,nyc_taxi.csv,0,Linear,0.25,0,Linear,0.25,1,
226,TravelTime_451.csv,0.7846515367151501,KMeans,0.4,1,KMeans,0.25,1.0,0.30000000000000004
227,occupancy_6005.csv,0.7870168051068377,Linear,1.0,2,KMeans,0.25,1.0,0.30000000000000004
228,occupancy_t4013.csv,0.8464093731286653,Linear,1.0,3,Linear,0.25,1.0,0.30000000000000004
229,speed_6005.csv,3.706505280226755,Linear,0.66666667,4,Linear,0.25,1.0,0.30000000000000004
230,speed_t4013.csv,3.7192971670842185,Linear,1.0,5,Linear,0.25,1.0,0.30000000000000004
231,TravelTime_387.csv,71.56715745886437,KMeans,0.66666667,6,Linear,0.25,1.0,0.30000000000000004
232,speed_7578.csv,124.32370985378326,KMeans,0.75,7,Linear,0.25,1.0,0.30000000000000004
233,,,,,,,,,
234,nyc_taxi.csv,0,Linear,0.25,0,Linear,0.25,1,
235,TravelTime_451.csv,1.536411971467759,KMeans,0.4,1,KMeans,0.25,1.0,0.4
236,occupancy_6005.csv,1.5376212679072092,Linear,1.0,2,KMeans,0.25,1.0,0.4
237,occupancy_t4013.csv,1.5688507063835166,Linear,1.0,3,Linear,0.25,1.0,0.4
238,speed_6005.csv,4.458253593544092,Linear,0.66666667,4,Linear,0.25,1.0,0.4
239,speed_t4013.csv,4.468894172956067,Linear,1.0,5,Linear,0.25,1.0,0.4
240,TravelTime_387.csv,70.81528255102218,KMeans,0.66666667,6,Linear,0.25,1.0,0.4
241,speed_7578.csv,125.07539241716437,KMeans,0.75,7,Linear,0.25,1.0,0.4
242,,,,,,,,,
243,nyc_taxi.csv,0,Linear,0.25,0,Linear,0.25,1,
244,TravelTime_451.csv,2.852186947952298,KMeans,0.4,1,KMeans,0.25,1.0,0.5
245,occupancy_6005.csv,2.8528385519549775,Linear,1.0,2,KMeans,0.25,1.0,0.5
246,occupancy_t4013.csv,2.8697911385534765,Linear,1.0,3,Linear,0.25,1.0,0.5
247,speed_6005.csv,5.773916672792292,Linear,0.66666667,4,Linear,0.25,1.0,0.5
248,speed_t4013.csv,5.782136609340935,Linear,1.0,5,Linear,0.25,1.0,0.5
249,TravelTime_387.csv,69.49950347300144,KMeans,0.66666667,6,Linear,0.25,1.0,0.5
250,speed_7578.csv,126.39084351457822,KMeans,0.75,7,Linear,0.25,1.0,0.5
251,,,,,,,,,
252,nyc_taxi.csv,0,Linear,0.25,0,Linear,0.25,1,
253,TravelTime_451.csv,5.220675520197501,KMeans,0.4,1,KMeans,0.25,1.0,0.6000000000000001
254,occupancy_6005.csv,5.221031536453364,Linear,1.0,2,KMeans,0.25,1.0,0.6000000000000001
255,occupancy_t4013.csv,5.23031391792501,Linear,1.0,3,Linear,0.25,1.0,0.6000000000000001
256,speed_6005.csv,8.142261371724002,Linear,0.66666667,4,Linear,0.25,1.0,0.6000000000000001
257,speed_t4013.csv,8.148092431373167,Linear,1.0,5,Linear,0.25,1.0,0.6000000000000001
258,TravelTime_387.csv,67.13110800758172,KMeans,0.66666667,6,Linear,0.25,1.0,0.6000000000000001
259,speed_7578.csv,128.75867596441734,KMeans,0.75,7,Linear,0.25,1.0,0.6000000000000001
260,,,,,,,,,
261,nyc_taxi.csv,0,Linear,0.25,0,Linear,0.25,1,
262,TravelTime_451.csv,9.64190550293801,KMeans,0.4,1,KMeans,0.25,1.0,0.7000000000000001
263,occupancy_6005.csv,9.64209827501449,Linear,1.0,2,KMeans,0.25,1.0,0.7000000000000001
264,occupancy_t4013.csv,9.647127682395258,Linear,1.0,3,Linear,0.25,1.0,0.7000000000000001
265,speed_6005.csv,12.563355996144725,Linear,0.66666667,4,Linear,0.25,1.0,0.7000000000000001
266,speed_t4013.csv,12.567135867436045,Linear,1.0,5,Linear,0.25,1.0,0.7000000000000001
267,TravelTime_387.csv,62.710129845584326,KMeans,0.66666667,6,Linear,0.25,1.0,0.7000000000000001
268,speed_7578.csv,133.17869601758184,KMeans,0.75,7,Linear,0.25,1.0,0.7000000000000001
269,,,,,,,,,
270,nyc_taxi.csv,0,Linear,0.25,0,Linear,0.25,1,
271,TravelTime_451.csv,18.231753642506913,KMeans,0.4,1,KMeans,0.25,1.0,0.8
272,occupancy_6005.csv,18.231855591203963,Linear,1.0,2,KMeans,0.25,1.0,0.8
273,occupancy_t4013.csv,18.234515942955948,Linear,1.0,3,Linear,0.25,1.0,0.8
274,speed_6005.csv,21.153098781959663,Linear,0.66666667,4,Linear,0.25,1.0,0.8
275,speed_t4013.csv,21.15534396090206,Linear,1.0,5,Linear,0.25,1.0,0.8
276,TravelTime_387.csv,54.1209285296333,KMeans,0.66666667,6,Linear,0.25,1.0,0.8
277,speed_7578.csv,141.7663831083614,KMeans,0.75,7,Linear,0.25,1.0,0.8
278,,,,,,,,,
279,nyc_taxi.csv,0,Linear,0.25,0,Linear,0.25,1,
280,TravelTime_451.csv,35.6262138370908,KMeans,0.4,1,KMeans,0.25,1.0,0.9
281,occupancy_6005.csv,35.62626600955496,Linear,1.0,2,KMeans,0.25,1.0,0.9
282,occupancy_t4013.csv,35.62762752638703,Linear,1.0,3,Linear,0.25,1.0,0.9
283,TravelTime_387.csv,36.728739672355864,KMeans,0.66666667,4,KMeans,0.25,1.0,0.9
284,speed_6005.csv,38.547488102604035,Linear,0.66666667,5,Linear,0.25,1.0,0.9
285,speed_t4013.csv,38.548720199834534,Linear,1.0,6,Linear,0.25,1.0,0.9
286,speed_7578.csv,159.15716779761914,KMeans,0.75,7,Linear,0.25,1.0,0.9
287,,,,,,,,,
288,nyc_taxi.csv,0,Linear,0.25,0,Linear,0.25,1,
289,TravelTime_387.csv,0.7215176031373212,KMeans,0.66666667,1,KMeans,0.25,1.0,1.0
290,TravelTime_451.csv,72.34786240404254,KMeans,0.4,2,KMeans,0.25,1.0,1.0
291,occupancy_6005.csv,72.34788809531155,Linear,1.0,3,KMeans,0.25,1.0,1.0
292,occupancy_t4013.csv,72.34855855666457,Linear,1.0,4,KMeans,0.25,1.0,1.0
293,speed_6005.csv,75.2690942179096,Linear,0.66666667,5,Linear,0.25,1.0,1.0
294,speed_t4013.csv,75.26972521810667,Linear,1.0,6,Linear,0.25,1.0,1.0
295,speed_7578.csv,195.87319398176288,KMeans,0.75,7,Linear,0.25,1.0,1.0
296,,,,,,,,,
297,TravelTime_451.csv,0,KMeans,0.4,0,KMeans,0.4,1,
298,occupancy_6005.csv,0.04271626229056191,Linear,1.0,1,Linear,0.18181818,0.7818181799999999,0.0
299,occupancy_t4013.csv,0.3403082397355021,Linear,1.0,2,Linear,0.18181818,0.7818181799999999,0.0
300,speed_6005.csv,2.9218674473237507,Linear,0.66666667,3,Linear,0.18181818,0.7818181799999999,0.0
301,speed_t4013.csv,2.941129677475549,Linear,1.0,4,Linear,0.18181818,0.7818181799999999,0.0
302,nyc_taxi.csv,72.34786240404254,Linear,0.25,5,Linear,0.18181818,0.7818181799999999,0.0
303,TravelTime_387.csv,72.35168105999114,KMeans,0.66666667,6,Linear,0.18181818,0.7818181799999999,0.0
304,speed_7578.csv,123.54017129012276,KMeans,0.75,7,Linear,0.18181818,0.7818181799999999,0.0
305,,,,,,,,,
306,TravelTime_451.csv,0,KMeans,0.4,0,KMeans,0.4,1,
307,occupancy_6005.csv,0.11757839539675675,Linear,1.0,1,Linear,0.18181818,0.7818181799999999,0.1
308,occupancy_t4013.csv,0.35750482238967907,Linear,1.0,2,Linear,0.18181818,0.7818181799999999,0.1
309,speed_6005.csv,3.0313873688016533,Linear,0.66666667,3,Linear,0.18181818,0.7818181799999999,0.1
310,speed_t4013.csv,3.0499579963873975,Linear,1.0,4,Linear,0.18181818,0.7818181799999999,0.1
311,nyc_taxi.csv,72.23831789768552,Linear,0.25,5,Linear,0.18181818,0.7818181799999999,0.1
312,TravelTime_387.csv,72.24214234406038,KMeans,0.66666667,6,Linear,0.18181818,0.7818181799999999,0.1
313,speed_7578.csv,123.64968105621975,KMeans,0.75,7,Linear,0.18181818,0.7818181799999999,0.1
314,,,,,,,,,
315,TravelTime_451.csv,0,KMeans,0.4,0,KMeans,0.4,1,
316,occupancy_6005.csv,0.35313549674887695,Linear,1.0,1,Linear,0.18181818,0.7818181799999999,0.2
317,occupancy_t4013.csv,0.4885587969035825,Linear,1.0,2,Linear,0.18181818,0.7818181799999999,0.2
318,speed_6005.csv,3.2723369905512807,Linear,0.66666667,3,Linear,0.18181818,0.7818181799999999,0.2
319,speed_t4013.csv,3.2895476557921195,Linear,1.0,4,Linear,0.18181818,0.7818181799999999,0.2
320,nyc_taxi.csv,71.99731998375518,Linear,0.25,5,Linear,0.18181818,0.7818181799999999,0.2
321,TravelTime_387.csv,72.00115723108651,KMeans,0.66666667,6,Linear,0.18181818,0.7818181799999999,0.2
322,speed_7578.csv,123.89060275788178,KMeans,0.75,7,Linear,0.18181818,0.7818181799999999,0.2
323,,,,,,,,,
324,TravelTime_451.csv,0,KMeans,0.4,0,KMeans,0.4,1,
325,occupancy_6005.csv,0.785501036959262,Linear,1.0,1,Linear,0.18181818,0.7818181799999999,0.30000000000000004
326,occupancy_t4013.csv,0.8549835659425717,Linear,1.0,2,Linear,0.18181818,0.7818181799999999,0.30000000000000004
327,speed_6005.csv,3.706062139215992,Linear,0.66666667,3,Linear,0.18181818,0.7818181799999999,0.30000000000000004
328,speed_t4013.csv,3.7212673889049452,Linear,1.0,4,Linear,0.18181818,0.7818181799999999,0.30000000000000004
329,nyc_taxi.csv,71.56352373887356,Linear,0.25,5,Linear,0.18181818,0.7818181799999999,0.30000000000000004
330,TravelTime_387.csv,71.56738424517643,KMeans,0.66666667,6,Linear,0.18181818,0.7818181799999999,0.30000000000000004
331,speed_7578.csv,124.32426256544933,KMeans,0.75,7,Linear,0.18181818,0.7818181799999999,0.30000000000000004
332,,,,,,,,,
333,TravelTime_451.csv,0,KMeans,0.4,0,KMeans,0.4,1,
334,occupancy_6005.csv,1.5368459880756027,Linear,1.0,1,Linear,0.18181818,0.7818181799999999,0.4
335,occupancy_t4013.csv,1.5734931236048906,Linear,1.0,2,Linear,0.18181818,0.7818181799999999,0.4
336,speed_6005.csv,4.457885181532854,Linear,0.66666667,3,Linear,0.18181818,0.7818181799999999,0.4
337,speed_t4013.csv,4.470534049946093,Linear,1.0,4,Linear,0.18181818,0.7818181799999999,0.4
338,nyc_taxi.csv,70.81161024834513,Linear,0.25,5,Linear,0.18181818,0.7818181799999999,0.4
339,TravelTime_387.csv,70.8155117452098,KMeans,0.66666667,6,Linear,0.18181818,0.7818181799999999,0.4
340,speed_7578.csv,125.07594180713875,KMeans,0.75,7,Linear,0.18181818,0.7818181799999999,0.4
341,,,,,,,,,
342,TravelTime_451.csv,0,KMeans,0.4,0,KMeans,0.4,1,
343,occupancy_6005.csv,2.8524207668336863,Linear,1.0,1,Linear,0.18181818,0.7818181799999999,0.5
344,occupancy_t4013.csv,2.8723316747952135,Linear,1.0,2,Linear,0.18181818,0.7818181799999999,0.5
345,speed_6005.csv,5.773632213063991,Linear,0.66666667,3,Linear,0.18181818,0.7818181799999999,0.5
346,speed_t4013.csv,5.7834041300714425,Linear,1.0,4,Linear,0.18181818,0.7818181799999999,0.5
347,nyc_taxi.csv,69.49576164181649,Linear,0.25,5,Linear,0.18181818,0.7818181799999999,0.5
348,TravelTime_387.csv,69.49973700632673,KMeans,0.66666667,6,Linear,0.18181818,0.7818181799999999,0.5
349,speed_7578.csv,126.39138718663429,KMeans,0.75,7,Linear,0.18181818,0.7818181799999999,0.5
350,,,,,,,,,
351,TravelTime_451.csv,0,KMeans,0.4,0,KMeans,0.4,1,
352,occupancy_6005.csv,5.220803265033465,Linear,1.0,1,Linear,0.18181818,0.7818181799999999,0.6000000000000001
353,occupancy_t4013.csv,5.231708301420472,Linear,1.0,2,Linear,0.18181818,0.7818181799999999,0.6000000000000001
354,speed_6005.csv,8.14205965544654,Linear,0.66666667,3,Linear,0.18181818,0.7818181799999999,0.6000000000000001
355,speed_t4013.csv,8.14899195194396,Linear,1.0,4,Linear,0.18181818,0.7818181799999999,0.6000000000000001
356,nyc_taxi.csv,67.12723415654807,Linear,0.25,5,Linear,0.18181818,0.7818181799999999,0.6000000000000001
357,TravelTime_387.csv,67.13134977996825,KMeans,0.66666667,6,Linear,0.18181818,0.7818181799999999,0.6000000000000001
358,speed_7578.csv,128.75920963855333,KMeans,0.75,7,Linear,0.18181818,0.7818181799999999,0.6000000000000001
359,,,,,,,,,
360,TravelTime_451.csv,0,KMeans,0.4,0,KMeans,0.4,1,
361,occupancy_6005.csv,9.64197467184917,Linear,1.0,1,Linear,0.18181818,0.7818181799999999,0.7000000000000001
362,occupancy_t4013.csv,9.647883736423688,Linear,1.0,2,Linear,0.18181818,0.7818181799999999,0.7000000000000001
363,speed_6005.csv,12.563225265561668,Linear,0.66666667,3,Linear,0.18181818,0.7818181799999999,0.7000000000000001
364,speed_t4013.csv,12.567719103848727,Linear,1.0,4,Linear,0.18181818,0.7818181799999999,0.7000000000000001
365,nyc_taxi.csv,62.70598287589852,Linear,0.25,5,Linear,0.18181818,0.7818181799999999,0.7000000000000001
366,TravelTime_387.csv,62.71038866252456,KMeans,0.66666667,6,Linear,0.18181818,0.7818181799999999,0.7000000000000001
367,speed_7578.csv,133.17921197986783,KMeans,0.75,7,Linear,0.18181818,0.7818181799999999,0.7000000000000001
368,,,,,,,,,
369,TravelTime_451.csv,0,KMeans,0.4,0,KMeans,0.4,1,
370,occupancy_6005.csv,18.23179022274167,Linear,1.0,1,Linear,0.18181818,0.7818181799999999,0.8
371,occupancy_t4013.csv,18.234915951136887,Linear,1.0,2,Linear,0.18181818,0.7818181799999999,0.8
372,speed_6005.csv,21.153021138048455,Linear,0.66666667,3,Linear,0.18181818,0.7818181799999999,0.8
373,speed_t4013.csv,21.15569043228611,Linear,1.0,4,Linear,0.18181818,0.7818181799999999,0.8
374,nyc_taxi.csv,54.116123365334545,Linear,0.25,5,Linear,0.18181818,0.7818181799999999,0.8
375,TravelTime_387.csv,54.121228421613985,KMeans,0.66666667,6,Linear,0.18181818,0.7818181799999999,0.8
376,speed_7578.csv,141.7668678156564,KMeans,0.75,7,Linear,0.18181818,0.7818181799999999,0.8
377,,,,,,,,,
378,TravelTime_451.csv,0,KMeans,0.4,0,KMeans,0.4,1,
379,occupancy_6005.csv,35.62623255707955,Linear,1.0,1,Linear,0.18181818,0.7818181799999999,0.9
380,occupancy_t4013.csv,35.62783225555664,Linear,1.0,2,Linear,0.18181818,0.7818181799999999,0.9
381,nyc_taxi.csv,36.721658746605115,Linear,0.25,3,Linear,0.18181818,0.7818181799999999,0.9
382,TravelTime_387.csv,36.72918157098698,KMeans,0.66666667,4,Linear,0.18181818,0.7818181799999999,0.9
383,speed_6005.csv,38.54744549523069,Linear,0.66666667,5,Linear,0.18181818,0.7818181799999999,0.9
384,speed_t4013.csv,38.54891034267737,Linear,1.0,6,Linear,0.18181818,0.7818181799999999,0.9
385,speed_7578.csv,159.15759954207212,KMeans,0.75,7,Linear,0.18181818,0.7818181799999999,0.9
386,,,,,,,,,
387,TravelTime_451.csv,0,KMeans,0.4,0,KMeans,0.4,1,
388,nyc_taxi.csv,0.022154775319254916,Linear,0.25,1,Linear,0.18181818,0.7818181799999999,1.0
389,TravelTime_387.csv,0.7436723784565761,KMeans,0.66666667,2,KMeans,0.4,1.0,1.0
390,occupancy_6005.csv,72.34787162231703,Linear,1.0,3,Linear,0.18181818,0.7818181799999999,1.0
391,occupancy_t4013.csv,72.34865937457468,Linear,1.0,4,Linear,0.18181818,0.7818181799999999,1.0
392,speed_6005.csv,75.26907239744577,Linear,0.66666667,5,Linear,0.18181818,0.7818181799999999,1.0
393,speed_t4013.csv,75.26982259824936,Linear,1.0,6,Linear,0.18181818,0.7818181799999999,1.0
394,speed_7578.csv,195.8735447967704,KMeans,0.75,7,Linear,0.18181818,0.7818181799999999,1.0
395,,,,,,,,,
396,speed_6005.csv,0,Linear,0.66666667,0,Linear,0.66666667,1,
397,speed_t4013.csv,0.40497759527595845,Linear,1.0,1,Linear,0.66666667,1.0,0.0
398,occupancy_6005.csv,2.921257782900067,Linear,1.0,2,Linear,0.66666667,1.0,0.0
399,occupancy_t4013.csv,2.948904196772002,Linear,1.0,3,Linear,0.66666667,1.0,0.0
400,TravelTime_451.csv,75.26907239744577,KMeans,0.4,4,Linear,0.66666667,1.0,0.0
401,nyc_taxi.csv,75.2690942179096,Linear,0.25,5,Linear,0.66666667,1.0,0.0
402,TravelTime_387.csv,75.27336908920154,KMeans,0.66666667,6,Linear,0.66666667,1.0,0.0
403,speed_7578.csv,120.62157780916542,KMeans,0.75,7,Linear,0.66666667,1.0,0.0
404,,,,,,,,,
405,speed_6005.csv,0,Linear,0.66666667,0,Linear,0.66666667,1,
406,speed_t4013.csv,0.44422987968936906,Linear,1.0,1,Linear,0.66666667,1.0,0.1
407,occupancy_6005.csv,3.103827803560342,Linear,1.0,2,Linear,0.66666667,1.0,0.1
408,occupancy_t4013.csv,3.1298619716753526,Linear,1.0,3,Linear,0.66666667,1.0,0.1
409,TravelTime_451.csv,75.45164651936982,KMeans,0.4,4,Linear,0.66666667,1.0,0.1
410,nyc_taxi.csv,75.45166828703358,Linear,0.25,5,Linear,0.66666667,1.0,0.1
411,TravelTime_387.csv,75.45593281479701,KMeans,0.66666667,6,Linear,0.66666667,1.0,0.1
412,speed_7578.csv,120.43906700756422,KMeans,0.75,7,Linear,0.66666667,1.0,0.1
413,,,,,,,,,
414,speed_6005.csv,0,Linear,0.66666667,0,Linear,0.66666667,1,
415,speed_t4013.csv,0.710872833922377,Linear,1.0,1,Linear,0.66666667,1.0,0.2
416,occupancy_6005.csv,3.5054833762009037,Linear,1.0,2,Linear,0.66666667,1.0,0.2
417,occupancy_t4013.csv,3.528555317464386,Linear,1.0,3,Linear,0.66666667,1.0,0.2
418,TravelTime_451.csv,75.8533095886857,KMeans,0.4,4,Linear,0.66666667,1.0,0.2
419,nyc_taxi.csv,75.85333124108405,Linear,0.25,5,Linear,0.66666667,1.0,0.2
420,TravelTime_387.csv,75.85757318833913,KMeans,0.66666667,6,Linear,0.66666667,1.0,0.2
421,speed_7578.csv,120.0375439226212,KMeans,0.75,7,Linear,0.66666667,1.0,0.2
422,,,,,,,,,
423,speed_6005.csv,0,Linear,0.66666667,0,Linear,0.66666667,1,
424,speed_t4013.csv,1.3685248211153613,Linear,1.0,1,Linear,0.66666667,1.0,0.30000000000000004
425,occupancy_6005.csv,4.22846706275701,Linear,1.0,2,Linear,0.66666667,1.0,0.30000000000000004
426,occupancy_t4013.csv,4.247613756970636,Linear,1.0,3,Linear,0.66666667,1.0,0.30000000000000004
427,TravelTime_451.csv,76.5763031171427,KMeans,0.4,4,Linear,0.66666667,1.0,0.30000000000000004
428,nyc_taxi.csv,76.57632456511045,Linear,0.25,5,Linear,0.66666667,1.0,0.30000000000000004
429,TravelTime_387.csv,76.58052646434174,KMeans,0.66666667,6,Linear,0.66666667,1.0,0.30000000000000004
430,speed_7578.csv,119.31480474675392,KMeans,0.75,7,Linear,0.66666667,1.0,0.30000000000000004
431,,,,,,,,,
432,speed_6005.csv,0,Linear,0.66666667,0,Linear,0.66666667,1,
433,speed_t4013.csv,2.5922498695166007,Linear,1.0,1,Linear,0.66666667,1.0,0.4
434,occupancy_6005.csv,5.48164509073881,Linear,1.0,2,Linear,0.66666667,1.0,0.4
435,occupancy_t4013.csv,5.496428097265186,Linear,1.0,3,Linear,0.66666667,1.0,0.4
436,TravelTime_451.csv,77.8294919106921,KMeans,0.4,4,Linear,0.66666667,1.0,0.4
437,nyc_taxi.csv,77.82951301331073,Linear,0.25,5,Linear,0.66666667,1.0,0.4
438,TravelTime_387.csv,77.8336472583915,KMeans,0.66666667,6,Linear,0.66666667,1.0,0.4
439,speed_7578.csv,118.06206422743392,KMeans,0.75,7,Linear,0.66666667,1.0,0.4
440,,,,,,,,,
441,speed_6005.csv,0,Linear,0.66666667,0,Linear,0.66666667,1,
442,speed_t4013.csv,4.770721474369347,Linear,1.0,1,Linear,0.66666667,1.0,0.5
443,occupancy_6005.csv,7.674715428002584,Linear,1.0,2,Linear,0.66666667,1.0,0.5
444,occupancy_t4013.csv,7.68528111576969,Linear,1.0,3,Linear,0.66666667,1.0,0.5
445,TravelTime_451.csv,80.02257233090818,KMeans,0.4,4,Linear,0.66666667,1.0,0.5
446,nyc_taxi.csv,80.0225928551934,Linear,0.25,5,Linear,0.66666667,1.0,0.5
447,TravelTime_387.csv,80.02661380392561,KMeans,0.66666667,6,Linear,0.66666667,1.0,0.5
448,speed_7578.csv,115.86979166868512,KMeans,0.75,7,Linear,0.66666667,1.0,0.5
449,,,,,,,,,
450,speed_6005.csv,0,Linear,0.66666667,0,Linear,0.66666667,1,
451,speed_t4013.csv,8.710466966702123,Linear,1.0,1,Linear,0.66666667,1.0,0.6000000000000001
452,occupancy_6005.csv,11.62225229001767,Linear,1.0,2,Linear,0.66666667,1.0,0.6000000000000001
453,occupancy_t4013.csv,11.629232013353516,Linear,1.0,3,Linear,0.66666667,1.0,0.6000000000000001
454,TravelTime_451.csv,83.97011717944385,KMeans,0.4,4,Linear,0.66666667,1.0,0.6000000000000001
455,nyc_taxi.csv,83.97013673885584,Linear,0.25,5,Linear,0.66666667,1.0,0.6000000000000001
456,TravelTime_387.csv,83.97396866646686,KMeans,0.66666667,6,Linear,0.66666667,1.0,0.6000000000000001
457,speed_7578.csv,111.92378089842953,KMeans,0.75,7,Linear,0.66666667,1.0,0.6000000000000001
458,,,,,,,,,
459,speed_6005.csv,0,Linear,0.66666667,0,Linear,0.66666667,1,
460,speed_t4013.csv,16.074902225422367,Linear,1.0,1,Linear,0.66666667,1.0,0.7000000000000001
461,occupancy_6005.csv,18.990997948283315,Linear,1.0,2,Linear,0.66666667,1.0,0.7000000000000001
462,occupancy_t4013.csv,18.995270253389034,Linear,1.0,3,Linear,0.66666667,1.0,0.7000000000000001
463,TravelTime_451.csv,91.33886783347856,KMeans,0.4,4,Linear,0.66666667,1.0,0.7000000000000001
464,nyc_taxi.csv,91.338885814938,Linear,0.25,5,Linear,0.66666667,1.0,0.7000000000000001
465,TravelTime_387.csv,91.3424086148865,KMeans,0.66666667,6,Linear,0.66666667,1.0,0.7000000000000001
466,speed_7578.csv,104.55820423121494,KMeans,0.75,7,Linear,0.66666667,1.0,0.7000000000000001
467,,,,,,,,,
468,speed_6005.csv,0,Linear,0.66666667,0,Linear,0.66666667,1,
469,speed_t4013.csv,30.388932219274512,Linear,1.0,1,Linear,0.66666667,1.0,0.8
470,occupancy_6005.csv,33.30742681959194,Linear,1.0,2,Linear,0.66666667,1.0,0.8
471,occupancy_t4013.csv,33.30986295783965,Linear,1.0,3,Linear,0.66666667,1.0,0.8
472,speed_7578.csv,90.24942329147767,KMeans,0.75,4,Linear,0.66666667,1.0,0.8
473,TravelTime_451.csv,105.65529843723968,KMeans,0.4,5,Linear,0.66666667,1.0,0.8
474,nyc_taxi.csv,105.65531398218833,Linear,0.25,6,Linear,0.66666667,1.0,0.8
475,TravelTime_387.csv,105.65835945314222,KMeans,0.66666667,7,Linear,0.66666667,1.0,0.8
476,,,,,,,,,
477,speed_6005.csv,0,Linear,0.66666667,0,Linear,0.66666667,1,
478,speed_t4013.csv,59.37839262819744,Linear,1.0,1,Linear,0.66666667,1.0,0.9
479,speed_7578.csv,61.28509059691535,KMeans,0.75,2,KMeans,0.66666667,1.0,0.9
480,occupancy_6005.csv,62.2982018743975,Linear,1.0,3,Linear,0.66666667,1.0,0.9
481,occupancy_t4013.csv,62.29950437772976,Linear,1.0,4,Linear,0.66666667,1.0,0.9
482,TravelTime_451.csv,134.64607233073912,KMeans,0.4,5,Linear,0.66666667,1.0,0.9
483,nyc_taxi.csv,134.64608452869044,Linear,0.25,6,Linear,0.66666667,1.0,0.9
484,TravelTime_387.csv,134.6484742897663,KMeans,0.66666667,7,Linear,0.66666667,1.0,0.9
485,,,,,,,,,
486,speed_6005.csv,0,Linear,0.66666667,0,Linear,0.66666667,1,
487,speed_7578.csv,3.1757362846683566,KMeans,0.75,1,KMeans,0.66666667,1.0,1.0
488,speed_t4013.csv,120.58044509403447,Linear,1.0,2,KMeans,0.66666667,1.0,1.0
489,occupancy_6005.csv,123.5009536680194,Linear,1.0,3,Linear,0.66666667,1.0,1.0
490,occupancy_t4013.csv,123.5016107013907,Linear,1.0,4,Linear,0.66666667,1.0,1.0
491,TravelTime_451.csv,195.8488211557971,KMeans,0.4,5,Linear,0.66666667,1.0,1.0
492,nyc_taxi.csv,195.84882954188933,Linear,0.25,6,Linear,0.66666667,1.0,1.0
493,TravelTime_387.csv,195.8504725104911,KMeans,0.66666667,7,Linear,0.66666667,1.0,1.0
494,,,,,,,,,
495,occupancy_t4013.csv,0,Linear,1.0,0,Linear,1.0,1,
496,occupancy_6005.csv,0.38302450202606403,Linear,1.0,1,Linear,1.0,1.0,0.0
497,speed_t4013.csv,2.92118741894035,Linear,1.0,2,Linear,1.0,1.0,0.0
498,nyc_taxi.csv,72.34855855666457,Linear,0.25,3,Linear,1.0,1.0,0.0
499,TravelTime_451.csv,72.34865937457468,KMeans,0.4,4,Linear,1.0,1.0,0.0
500,TravelTime_387.csv,72.3489834498634,KMeans,0.66666667,5,Linear,1.0,1.0,0.0
501,speed_6005.csv,123.5016107013907,Linear,0.66666667,6,Linear,1.0,1.0,0.0
502,speed_7578.csv,123.53206543454651,KMeans,0.75,7,Linear,1.0,1.0,0.0
503,,,,,,,,,
504,occupancy_t4013.csv,0,Linear,1.0,0,Linear,1.0,1,
505,occupancy_6005.csv,0.3983814367566771,Linear,1.0,1,Linear,1.0,1.0,0.1
506,speed_t4013.csv,3.030731914336104,Linear,1.0,2,Linear,1.0,1.0,0.1
507,nyc_taxi.csv,72.23901510596558,Linear,0.25,3,Linear,1.0,1.0,0.1
508,TravelTime_451.csv,72.23911607675605,KMeans,0.4,4,Linear,1.0,1.0,0.1
509,TravelTime_387.csv,72.23944064346988,KMeans,0.66666667,5,Linear,1.0,1.0,0.1
510,speed_6005.csv,123.61115462914283,Linear,0.66666667,6,Linear,1.0,1.0,0.1
511,speed_7578.csv,123.64158238002732,KMeans,0.75,7,Linear,1.0,1.0,0.1
512,,,,,,,,,
513,occupancy_t4013.csv,0,Linear,1.0,0,Linear,1.0,1,
514,occupancy_6005.csv,0.5192184214300513,Linear,1.0,1,Linear,1.0,1.0,0.2
515,speed_t4013.csv,3.271729808003006,Linear,1.0,2,Linear,1.0,1.0,0.2
516,nyc_taxi.csv,71.9980195257903,Linear,0.25,3,Linear,1.0,1.0,0.2
517,TravelTime_451.csv,71.99812083455507,KMeans,0.4,4,Linear,1.0,1.0,0.2
518,TravelTime_387.csv,71.99844648766782,KMeans,0.66666667,5,Linear,1.0,1.0,0.2
519,speed_6005.csv,123.85215127383238,Linear,0.66666667,6,Linear,1.0,1.0,0.2
520,speed_7578.csv,123.88251983166744,KMeans,0.75,7,Linear,1.0,1.0,0.2
521,,,,,,,,,
522,occupancy_t4013.csv,0,Linear,1.0,0,Linear,1.0,1,
523,occupancy_6005.csv,0.8728659514222754,Linear,1.0,1,Linear,1.0,1.0,0.30000000000000004
524,speed_t4013.csv,3.705526026973146,Linear,1.0,2,Linear,1.0,1.0,0.30000000000000004
525,nyc_taxi.csv,71.56422752127747,Linear,0.25,3,Linear,1.0,1.0,0.30000000000000004
526,TravelTime_451.csv,71.56432944413216,KMeans,0.4,4,Linear,1.0,1.0,0.30000000000000004
527,TravelTime_387.csv,71.5646570712014,KMeans,0.66666667,5,Linear,1.0,1.0,0.30000000000000004
528,speed_6005.csv,124.28594524678877,Linear,0.66666667,6,Linear,1.0,1.0,0.30000000000000004
529,speed_7578.csv,124.31620783540252,KMeans,0.75,7,Linear,1.0,1.0,0.30000000000000004
530,,,,,,,,,
531,occupancy_t4013.csv,0,Linear,1.0,0,Linear,1.0,1,
532,occupancy_6005.csv,1.5832809861652206,Linear,1.0,1,Linear,1.0,1.0,0.4
533,speed_t4013.csv,4.457439494662309,Linear,1.0,2,Linear,1.0,1.0,0.4
534,nyc_taxi.csv,70.81232150379189,Linear,0.25,3,Linear,1.0,1.0,0.4
535,TravelTime_451.csv,70.8124245088918,KMeans,0.4,4,Linear,1.0,1.0,0.4
536,TravelTime_387.csv,70.81275561477518,KMeans,0.66666667,5,Linear,1.0,1.0,0.4
537,speed_6005.csv,125.03785483759609,Linear,0.66666667,6,Linear,1.0,1.0,0.4
538,speed_7578.csv,125.0679354873781,KMeans,0.75,7,Linear,1.0,1.0,0.4
539,,,,,,,,,
540,occupancy_t4013.csv,0,Linear,1.0,0,Linear,1.0,1,
541,occupancy_6005.csv,2.8777052179040705,Linear,1.0,1,Linear,1.0,1.0,0.5
542,speed_t4013.csv,5.773288100257545,Linear,1.0,2,Linear,1.0,1.0,0.5
543,nyc_taxi.csv,69.49648636419701,Linear,0.25,3,Linear,1.0,1.0,0.5
544,TravelTime_451.csv,69.49659131957577,KMeans,0.4,4,Linear,1.0,1.0,0.5
545,TravelTime_387.csv,69.49692869451503,KMeans,0.66666667,5,Linear,1.0,1.0,0.5
546,speed_6005.csv,126.35369673423368,Linear,0.66666667,6,Linear,1.0,1.0,0.5
547,speed_7578.csv,126.38346419960925,KMeans,0.75,7,Linear,1.0,1.0,0.5
548,,,,,,,,,
549,occupancy_t4013.csv,0,Linear,1.0,0,Linear,1.0,1,
550,occupancy_6005.csv,5.234660430464647,Linear,1.0,1,Linear,1.0,1.0,0.6000000000000001
551,speed_t4013.csv,8.141815644541172,Linear,1.0,2,Linear,1.0,1.0,0.6000000000000001
552,nyc_taxi.csv,67.12798444986177,Linear,0.25,3,Linear,1.0,1.0,0.6000000000000001
553,TravelTime_451.csv,67.12809310841472,KMeans,0.4,4,Linear,1.0,1.0,0.6000000000000001
554,TravelTime_387.csv,67.12844238698206,KMeans,0.66666667,5,Linear,1.0,1.0,0.6000000000000001
555,speed_6005.csv,128.7222124972606,Linear,0.66666667,6,Linear,1.0,1.0,0.6000000000000001
556,speed_7578.csv,128.75143236048729,KMeans,0.75,7,Linear,1.0,1.0,0.6000000000000001
557,,,,,,,,,
558,occupancy_t4013.csv,0,Linear,1.0,0,Linear,1.0,1,
559,occupancy_6005.csv,9.649484891053467,Linear,1.0,1,Linear,1.0,1.0,0.7000000000000001
560,speed_t4013.csv,12.563067126704857,Linear,1.0,2,Linear,1.0,1.0,0.7000000000000001
561,nyc_taxi.csv,62.70678606997275,Linear,0.25,3,Linear,1.0,1.0,0.7000000000000001
562,TravelTime_451.csv,62.70690238958101,KMeans,0.4,4,Linear,1.0,1.0,0.7000000000000001
563,TravelTime_387.csv,62.7072762941177,KMeans,0.66666667,5,Linear,1.0,1.0,0.7000000000000001
564,speed_6005.csv,133.14344304930515,Linear,0.66666667,6,Linear,1.0,1.0,0.7000000000000001
565,speed_7578.csv,133.17169283188818,KMeans,0.75,7,Linear,1.0,1.0,0.7000000000000001
566,,,,,,,,,
567,occupancy_t4013.csv,0,Linear,1.0,0,Linear,1.0,1,
568,occupancy_6005.csv,18.23576315420188,Linear,1.0,1,Linear,1.0,1.0,0.8
569,speed_t4013.csv,21.152927216429646,Linear,1.0,2,Linear,1.0,1.0,0.8
570,nyc_taxi.csv,54.1170540484694,Linear,0.25,3,Linear,1.0,1.0,0.8
571,TravelTime_451.csv,54.117188830870276,KMeans,0.4,4,Linear,1.0,1.0,0.8
572,TravelTime_387.csv,54.11762208270468,KMeans,0.66666667,5,Linear,1.0,1.0,0.8
573,speed_6005.csv,141.73326615056465,Linear,0.66666667,6,Linear,1.0,1.0,0.8
574,speed_7578.csv,141.7598041702725,KMeans,0.75,7,Linear,1.0,1.0,0.8
575,,,,,,,,,
576,occupancy_t4013.csv,0,Linear,1.0,0,Linear,1.0,1,
577,occupancy_6005.csv,35.62826587558259,Linear,1.0,1,Linear,1.0,1.0,0.9
578,nyc_taxi.csv,36.72303026569254,Linear,0.25,2,Linear,1.0,1.0,0.9
579,TravelTime_451.csv,36.723228888076854,KMeans,0.4,3,Linear,1.0,1.0,0.9
580,TravelTime_387.csv,36.72386734667873,KMeans,0.66666667,4,KMeans,1.0,1.0,0.9
581,speed_t4013.csv,38.54739395555329,Linear,1.0,5,Linear,1.0,1.0,0.9
582,speed_6005.csv,159.1276701753645,Linear,0.66666667,6,Linear,1.0,1.0,0.9
583,speed_7578.csv,159.15130775500023,KMeans,0.75,7,Linear,1.0,1.0,0.9
584,,,,,,,,,
585,occupancy_t4013.csv,0,Linear,1.0,0,Linear,1.0,1,
586,nyc_taxi.csv,0.3181534644162472,Linear,0.25,1,Linear,1.0,1.0,1.0
587,TravelTime_451.csv,0.3403082397355021,KMeans,0.4,2,KMeans,1.0,1.0,1.0
588,TravelTime_387.csv,0.40336413872107396,KMeans,0.66666667,3,KMeans,1.0,1.0,1.0
589,occupancy_6005.csv,72.3488729101522,Linear,1.0,4,KMeans,1.0,1.0,1.0
590,speed_t4013.csv,75.2690460025154,Linear,1.0,5,Linear,1.0,1.0,1.0
591,speed_6005.csv,195.8492263826881,Linear,0.66666667,6,Linear,1.0,1.0,1.0
592,speed_7578.csv,195.8684324218291,KMeans,0.75,7,Linear,1.0,1.0,1.0
593,,,,,,,,,
594,occupancy_6005.csv,0,Linear,1.0,0,Linear,1.0,1,
595,speed_t4013.csv,2.9464011424981917,Linear,1.0,1,Linear,1.0,1.0,0.0
596,TravelTime_451.csv,72.34787162231703,KMeans,0.4,2,KMeans,1.0,1.0,0.0
597,nyc_taxi.csv,72.34788809531155,Linear,0.25,3,Linear,1.0,1.0,0.0
598,occupancy_t4013.csv,72.3488729101522,Linear,1.0,4,Linear,1.0,1.0,0.0
599,TravelTime_387.csv,72.35213273079445,KMeans,0.66666667,5,Linear,1.0,1.0,0.0
600,speed_6005.csv,123.5009536680194,Linear,0.66666667,6,Linear,1.0,1.0,0.0
601,speed_7578.csv,123.54125493621756,KMeans,0.75,7,Linear,1.0,1.0,0.0
602,,,,,,,,,
603,occupancy_6005.csv,0,Linear,1.0,0,Linear,1.0,1,
604,speed_t4013.csv,3.055041684251567,Linear,1.0,1,Linear,1.0,1.0,0.1
605,TravelTime_451.csv,72.2383271299389,KMeans,0.4,2,KMeans,1.0,1.0,0.1
606,nyc_taxi.csv,72.23834362791358,Linear,0.25,3,Linear,1.0,1.0,0.1
607,occupancy_t4013.csv,72.23932993613766,Linear,1.0,4,Linear,1.0,1.0,0.1
608,TravelTime_387.csv,72.24259469971506,KMeans,0.66666667,5,Linear,1.0,1.0,0.1
609,speed_6005.csv,123.61049817803614,Linear,0.66666667,6,Linear,1.0,1.0,0.1
610,speed_7578.csv,123.65076374259682,KMeans,0.75,7,Linear,1.0,1.0,0.1
611,,,,,,,,,
612,occupancy_6005.csv,0,Linear,1.0,0,Linear,1.0,1,
613,speed_t4013.csv,3.2942616308536654,Linear,1.0,1,Linear,1.0,1.0,0.2
614,TravelTime_451.csv,71.99732924691183,KMeans,0.4,2,KMeans,1.0,1.0,0.2
615,nyc_taxi.csv,71.99734580011045,Linear,0.25,3,Linear,1.0,1.0,0.2
616,occupancy_t4013.csv,71.99833540977399,Linear,1.0,4,Linear,1.0,1.0,0.2
617,TravelTime_387.csv,72.0016111007487,KMeans,0.66666667,5,Linear,1.0,1.0,0.2
618,speed_6005.csv,123.85149610008219,Linear,0.66666667,6,Linear,1.0,1.0,0.2
619,speed_7578.csv,123.89168333885004,KMeans,0.75,7,Linear,1.0,1.0,0.2
620,,,,,,,,,
621,occupancy_6005.csv,0,Linear,1.0,0,Linear,1.0,1,
622,speed_t4013.csv,3.7254351279433995,Linear,1.0,1,Linear,1.0,1.0,0.30000000000000004
623,TravelTime_451.csv,71.56353305818064,KMeans,0.4,2,KMeans,1.0,1.0,0.30000000000000004
624,nyc_taxi.csv,71.56354971171965,Linear,0.25,3,Linear,1.0,1.0,0.30000000000000004
625,occupancy_t4013.csv,71.56454532000745,Linear,1.0,4,Linear,1.0,1.0,0.30000000000000004
626,TravelTime_387.csv,71.56784086574461,KMeans,0.66666667,5,Linear,1.0,1.0,0.30000000000000004
627,speed_6005.csv,124.28529235979691,Linear,0.66666667,6,Linear,1.0,1.0,0.30000000000000004
628,speed_7578.csv,124.32533937723804,KMeans,0.75,7,Linear,1.0,1.0,0.30000000000000004
629,,,,,,,,,
630,occupancy_6005.csv,0,Linear,1.0,0,Linear,1.0,1,
631,speed_t4013.csv,4.4740038672887446,Linear,1.0,1,Linear,1.0,1.0,0.4
632,TravelTime_451.csv,70.81161966660933,KMeans,0.4,2,KMeans,1.0,1.0,0.4
633,nyc_taxi.csv,70.81163649698395,Linear,0.25,3,Linear,1.0,1.0,0.4
634,occupancy_t4013.csv,70.81264267698685,Linear,1.0,4,Linear,1.0,1.0,0.4
635,TravelTime_387.csv,70.81597321384325,KMeans,0.66666667,5,Linear,1.0,1.0,0.4
636,speed_6005.csv,125.0372058767316,Linear,0.66666667,6,Linear,1.0,1.0,0.4
637,speed_7578.csv,125.07701214757805,KMeans,0.75,7,Linear,1.0,1.0,0.4
638,,,,,,,,,
639,occupancy_6005.csv,0,Linear,1.0,0,Linear,1.0,1,
640,speed_t4013.csv,5.78608669521246,Linear,1.0,1,Linear,1.0,1.0,0.5
641,TravelTime_451.csv,69.49577123840821,KMeans,0.4,2,KMeans,1.0,1.0,0.5
642,nyc_taxi.csv,69.49578838745282,Linear,0.25,3,Linear,1.0,1.0,0.5
643,occupancy_t4013.csv,69.4968136184045,Linear,1.0,4,Linear,1.0,1.0,0.5
644,TravelTime_387.csv,69.50020721146375,KMeans,0.66666667,5,Linear,1.0,1.0,0.5
645,speed_6005.csv,126.35305453165391,Linear,0.66666667,6,Linear,1.0,1.0,0.5
646,speed_7578.csv,126.39244638737051,KMeans,0.75,7,Linear,1.0,1.0,0.5
647,,,,,,,,,
648,occupancy_6005.csv,0,Linear,1.0,0,Linear,1.0,1,
649,speed_t4013.csv,8.150896008760917,Linear,1.0,1,Linear,1.0,1.0,0.6000000000000001
650,TravelTime_451.csv,67.12724409174734,KMeans,0.4,2,KMeans,1.0,1.0,0.6000000000000001
651,nyc_taxi.csv,67.1272618458811,Linear,0.25,3,Linear,1.0,1.0,0.6000000000000001
652,occupancy_t4013.csv,67.12832325064522,Linear,1.0,4,Linear,1.0,1.0,0.6000000000000001
653,TravelTime_387.csv,67.13183657377668,KMeans,0.66666667,5,Linear,1.0,1.0,0.6000000000000001
654,speed_6005.csv,128.72158211140172,Linear,0.66666667,6,Linear,1.0,1.0,0.6000000000000001
655,speed_7578.csv,128.7602493612355,KMeans,0.75,7,Linear,1.0,1.0,0.6000000000000001
656,,,,,,,,,
657,occupancy_6005.csv,0,Linear,1.0,0,Linear,1.0,1,
658,speed_t4013.csv,12.568953790432658,Linear,1.0,1,Linear,1.0,1.0,0.7000000000000001
659,TravelTime_451.csv,62.70599351160519,KMeans,0.4,2,KMeans,1.0,1.0,0.7000000000000001
660,nyc_taxi.csv,62.706012517540366,Linear,0.25,3,Linear,1.0,1.0,0.7000000000000001
661,occupancy_t4013.csv,62.707148758076706,Linear,1.0,4,Linear,1.0,1.0,0.7000000000000001
662,TravelTime_387.csv,62.71090977407923,KMeans,0.66666667,5,Linear,1.0,1.0,0.7000000000000001
663,speed_6005.csv,133.14283359646504,Linear,0.66666667,6,Linear,1.0,1.0,0.7000000000000001
664,speed_7578.csv,133.18021719610311,KMeans,0.75,7,Linear,1.0,1.0,0.7000000000000001
665,,,,,,,,,
666,occupancy_6005.csv,0,Linear,1.0,0,Linear,1.0,1,
667,speed_t4013.csv,21.156423931740196,Linear,1.0,1,Linear,1.0,1.0,0.8
668,TravelTime_451.csv,54.11613568924801,KMeans,0.4,2,KMeans,1.0,1.0,0.8
669,nyc_taxi.csv,54.1161577119954,Linear,0.25,3,Linear,1.0,1.0,0.8
670,occupancy_t4013.csv,54.11747430384377,Linear,1.0,4,Linear,1.0,1.0,0.8
671,TravelTime_387.csv,54.12183223388076,KMeans,0.66666667,5,Linear,1.0,1.0,0.8
672,speed_6005.csv,141.7326936341055,Linear,0.66666667,6,Linear,1.0,1.0,0.8
673,speed_7578.csv,141.7678121404306,KMeans,0.75,7,Linear,1.0,1.0,0.8
674,,,,,,,,,
675,occupancy_6005.csv,0,Linear,1.0,0,Linear,1.0,1,
676,TravelTime_451.csv,36.72167690815759,KMeans,0.4,1,KMeans,1.0,1.0,0.9
677,nyc_taxi.csv,36.7217093627131,Linear,0.25,2,KMeans,1.0,1.0,0.9
678,occupancy_t4013.csv,36.72364957404428,Linear,1.0,3,Linear,1.0,1.0,0.9
679,TravelTime_387.csv,36.730071295361604,KMeans,0.66666667,4,KMeans,1.0,1.0,0.9
680,speed_t4013.csv,38.549312892976,Linear,1.0,5,Linear,1.0,1.0,0.9
681,speed_6005.csv,159.12716024146224,Linear,0.66666667,6,Linear,1.0,1.0,0.9
682,speed_7578.csv,159.1584406835441,KMeans,0.75,7,Linear,1.0,1.0,0.9
683,,,,,,,,,
684,occupancy_6005.csv,0,Linear,1.0,0,Linear,1.0,1,
685,TravelTime_451.csv,0.04271626229056191,KMeans,0.4,1,KMeans,1.0,1.0,1.0
686,nyc_taxi.csv,0.06487103760981683,Linear,0.25,2,KMeans,1.0,1.0,1.0
687,occupancy_t4013.csv,0.38302450202606403,Linear,1.0,3,Linear,1.0,1.0,1.0
688,TravelTime_387.csv,0.786388640747138,KMeans,0.66666667,4,KMeans,1.0,1.0,1.0
689,speed_t4013.csv,75.27002876234815,Linear,1.0,5,Linear,1.0,1.0,1.0
690,speed_6005.csv,195.84881206116577,Linear,0.66666667,6,Linear,1.0,1.0,1.0
691,speed_7578.csv,195.87422826925203,KMeans,0.75,7,Linear,1.0,1.0,1.0
692,,,,,,,,,
693,speed_t4013.csv,0,Linear,1.0,0,Linear,1.0,1,
694,occupancy_t4013.csv,75.2690460025154,Linear,1.0,1,Linear,1.0,1.0,0.0
695,nyc_taxi.csv,75.26972521810667,Linear,0.25,2,Linear,1.0,1.0,0.0
696,TravelTime_451.csv,75.26982259824936,KMeans,0.4,3,Linear,1.0,1.0,0.0
697,occupancy_6005.csv,75.27002876234815,Linear,1.0,4,Linear,1.0,1.0,0.0
698,TravelTime_387.csv,75.27011815545501,KMeans,0.66666667,5,Linear,1.0,1.0,0.0
699,speed_6005.csv,120.58044509403447,Linear,0.66666667,6,Linear,1.0,1.0,0.0
700,speed_7578.csv,120.61159494815426,KMeans,0.75,7,Linear,1.0,1.0,0.0
701,,,,,,,,,
702,speed_t4013.csv,0,Linear,1.0,0,Linear,1.0,1,
703,occupancy_t4013.csv,75.4516201883086,Linear,1.0,1,Linear,1.0,1.0,0.1
704,nyc_taxi.csv,75.45229776038158,Linear,0.25,2,Linear,1.0,1.0,0.1
705,TravelTime_451.csv,75.45239490489304,KMeans,0.4,3,Linear,1.0,1.0,0.1
706,occupancy_6005.csv,75.45260057013752,Linear,1.0,4,Linear,1.0,1.0,0.1
707,TravelTime_387.csv,75.45268974694113,KMeans,0.66666667,5,Linear,1.0,1.0,0.1
708,speed_6005.csv,120.39787193948015,Linear,0.66666667,6,Linear,1.0,1.0,0.1
709,speed_7578.csv,120.42906901748277,KMeans,0.75,7,Linear,1.0,1.0,0.1
710,,,,,,,,,
711,speed_t4013.csv,0,Linear,1.0,0,Linear,1.0,1,
712,occupancy_t4013.csv,75.85328339705437,Linear,1.0,1,Linear,1.0,1.0,0.2
713,nyc_taxi.csv,75.85395738123589,Linear,0.25,2,Linear,1.0,1.0,0.2
714,TravelTime_451.csv,75.85405401135128,KMeans,0.4,3,Linear,1.0,1.0,0.2
715,occupancy_6005.csv,75.85425858756899,Linear,1.0,4,Linear,1.0,1.0,0.2
716,TravelTime_387.csv,75.85434729217056,KMeans,0.66666667,5,Linear,1.0,1.0,0.2
717,speed_6005.csv,119.99621101050704,Linear,0.66666667,6,Linear,1.0,1.0,0.2
718,speed_7578.csv,120.02751248668072,KMeans,0.75,7,Linear,1.0,1.0,0.2
719,,,,,,,,,
720,speed_t4013.csv,0,Linear,1.0,0,Linear,1.0,1,
721,occupancy_t4013.csv,76.57627717279918,Linear,1.0,1,Linear,1.0,1.0,0.30000000000000004
722,nyc_taxi.csv,76.57694479362486,Linear,0.25,2,Linear,1.0,1.0,0.30000000000000004
723,TravelTime_451.csv,76.5770405114256,KMeans,0.4,3,Linear,1.0,1.0,0.30000000000000004
724,occupancy_6005.csv,76.57724315618384,Linear,1.0,4,Linear,1.0,1.0,0.30000000000000004
725,TravelTime_387.csv,76.57733102330444,KMeans,0.66666667,5,Linear,1.0,1.0,0.30000000000000004
726,speed_6005.csv,119.27322137705065,Linear,0.66666667,6,Linear,1.0,1.0,0.30000000000000004
727,speed_7578.csv,119.30471254112764,KMeans,0.75,7,Linear,1.0,1.0,0.30000000000000004
728,,,,,,,,,
729,speed_t4013.csv,0,Linear,1.0,0,Linear,1.0,1,
730,occupancy_t4013.csv,77.8294663840973,Linear,1.0,1,Linear,1.0,1.0,0.4
731,nyc_taxi.csv,77.83012325516283,Linear,0.25,2,Linear,1.0,1.0,0.4
732,TravelTime_451.csv,77.83021743176928,KMeans,0.4,3,Linear,1.0,1.0,0.4
733,occupancy_6005.csv,77.83041681366785,Linear,1.0,4,Linear,1.0,1.0,0.4
734,TravelTime_387.csv,77.83050326601204,KMeans,0.66666667,5,Linear,1.0,1.0,0.4
735,speed_6005.csv,118.02003946595532,Linear,0.66666667,6,Linear,1.0,1.0,0.4
736,speed_7578.csv,118.05186492558182,KMeans,0.75,7,Linear,1.0,1.0,0.4
737,,,,,,,,,
738,speed_t4013.csv,0,Linear,1.0,0,Linear,1.0,1,
739,occupancy_t4013.csv,80.02254750388964,Linear,1.0,1,Linear,1.0,1.0,0.5
740,nyc_taxi.csv,80.02318637303054,Linear,0.25,2,Linear,1.0,1.0,0.5
741,TravelTime_451.csv,80.0232779686975,KMeans,0.4,3,Linear,1.0,1.0,0.5
742,occupancy_6005.csv,80.02347188649225,Linear,1.0,4,Linear,1.0,1.0,0.5
743,TravelTime_387.csv,80.02355596959968,KMeans,0.66666667,5,Linear,1.0,1.0,0.5
744,speed_6005.csv,115.82697150166453,Linear,0.66666667,6,Linear,1.0,1.0,0.5
745,speed_7578.csv,115.85939937747638,KMeans,0.75,7,Linear,1.0,1.0,0.5
746,,,,,,,,,
747,speed_t4013.csv,0,Linear,1.0,0,Linear,1.0,1,
748,occupancy_t4013.csv,83.97009351957621,Linear,1.0,1,Linear,1.0,1.0,0.6000000000000001
749,nyc_taxi.csv,83.97070235485042,Linear,0.25,2,Linear,1.0,1.0,0.6000000000000001
750,TravelTime_451.csv,83.97078964455156,KMeans,0.4,3,Linear,1.0,1.0,0.6000000000000001
751,occupancy_6005.csv,83.97097444618774,Linear,1.0,4,Linear,1.0,1.0,0.6000000000000001
752,TravelTime_387.csv,83.97105457652509,KMeans,0.66666667,5,Linear,1.0,1.0,0.6000000000000001
753,speed_6005.csv,111.87945046568014,Linear,0.66666667,6,Linear,1.0,1.0,0.6000000000000001
754,speed_7578.csv,111.91302217956917,KMeans,0.75,7,Linear,1.0,1.0,0.6000000000000001
755,,,,,,,,,
756,speed_t4013.csv,0,Linear,1.0,0,Linear,1.0,1,
757,occupancy_t4013.csv,91.33884608236798,Linear,1.0,1,Linear,1.0,1.0,0.7000000000000001
758,nyc_taxi.csv,91.33940580022958,Linear,0.25,2,Linear,1.0,1.0,0.7000000000000001
759,TravelTime_451.csv,91.33948604793909,KMeans,0.4,3,Linear,1.0,1.0,0.7000000000000001
760,occupancy_6005.csv,91.3396559409682,Linear,1.0,4,Linear,1.0,1.0,0.7000000000000001
761,TravelTime_387.csv,91.33972960692344,KMeans,0.66666667,5,Linear,1.0,1.0,0.7000000000000001
762,speed_6005.csv,104.5107495808894,Linear,0.66666667,6,Linear,1.0,1.0,0.7000000000000001
763,speed_7578.csv,104.54668753634205,KMeans,0.75,7,Linear,1.0,1.0,0.7000000000000001
764,,,,,,,,,
765,speed_t4013.csv,0,Linear,1.0,0,Linear,1.0,1,
766,speed_6005.csv,90.19444057339248,Linear,0.66666667,1,Linear,1.0,1.0,0.8
767,speed_7578.csv,90.23608040694917,KMeans,0.75,2,KMeans,0.8,0.8,0.8
768,occupancy_t4013.csv,105.6552796334335,Linear,1.0,3,Linear,1.0,1.0,0.8
769,nyc_taxi.csv,105.655763509141,Linear,0.25,4,Linear,1.0,1.0,0.8
770,TravelTime_451.csv,105.65583288329223,KMeans,0.4,5,Linear,1.0,1.0,0.8
771,occupancy_6005.csv,105.65597975588018,Linear,1.0,6,Linear,1.0,1.0,0.8
772,TravelTime_387.csv,105.65604344014783,KMeans,0.66666667,7,Linear,1.0,1.0,0.8
773,,,,,,,,,
774,speed_t4013.csv,0,Linear,1.0,0,Linear,1.0,1,
775,speed_6005.csv,61.20409328937926,Linear,0.66666667,1,Linear,1.0,1.0,0.9
776,speed_7578.csv,61.2654399497564,KMeans,0.75,2,KMeans,0.8,0.8,0.9
777,occupancy_t4013.csv,134.64605757559886,Linear,1.0,3,Linear,1.0,1.0,0.9
778,nyc_taxi.csv,134.6464372678757,Linear,0.25,4,Linear,1.0,1.0,0.9
779,TravelTime_451.csv,134.6464917051114,KMeans,0.4,5,Linear,1.0,1.0,0.9
780,occupancy_6005.csv,134.64660695467754,Linear,1.0,6,Linear,1.0,1.0,0.9
781,TravelTime_387.csv,134.64665692715457,KMeans,0.66666667,7,Linear,1.0,1.0,0.9
782,,,,,,,,,
783,speed_t4013.csv,0,Linear,1.0,0,Linear,1.0,1,
784,speed_6005.csv,0.40497759527595845,Linear,0.66666667,1,Linear,1.0,1.0,1.0
785,speed_7578.csv,2.770758689392398,KMeans,0.75,2,KMeans,0.8,0.8,1.0
786,occupancy_t4013.csv,195.84881101163788,Linear,1.0,3,Linear,1.0,1.0,1.0
787,nyc_taxi.csv,195.8490720502723,Linear,0.25,4,Linear,1.0,1.0,1.0
788,TravelTime_451.csv,195.8491094759315,KMeans,0.4,5,Linear,1.0,1.0,1.0
789,occupancy_6005.csv,195.84918871016083,Linear,1.0,6,Linear,1.0,1.0,1.0
790,TravelTime_387.csv,195.84922306631606,KMeans,0.66666667,7,Linear,1.0,1.0,1.0
791,,,,,,,,,
0,,,,,K,,Method match,Accuracy,
0,,,,,1.0,,6.875,9.989583326250001,
0,,,,,2.0,,6.625,9.94185605375,
0,,,,,3.0,,6.875,9.989583326250001,
0,,,,,4.0,,6.875,9.989583326250001,
0,,,,,5.0,,6.875,9.989583326250001,
0,,,,,6.0,,6.875,9.989583326250001,
0,,,,,7.0,,6.875,9.989583326250001,
0,,,,,8.0,,0.0,0.0,
0,,,,,9.0,,0.0,0.0,
0,,,,,10.0,,0.0,0.0,
